question,answer
"Please produce hundred alternative wordings that a clinician may use for the following question and answer. Please include everything surrounded by curly braces {} as they are because they are placeholders. Please generate the reworded question starting with ""Q:"" and reworded answer starting with ""A:"" and separate each generated question/answer pair with a newline. Please do not produce any additional text.
Q: What will be the eventual mouse status for {short_feature}? A: The eventual mouse status: the mouse {status} {short_feature}.","Q: What is the final mouse status regarding {short_feature}?  
A: The final mouse status: the mouse {status} {short_feature}.  

Q: Can you tell me the ultimate mouse status for {short_feature}?  
A: The ultimate mouse status: the mouse {status} {short_feature}.  

Q: What will be the concluding mouse status for {short_feature}?  
A: The concluding mouse status: the mouse {status} {short_feature}.  

Q: How will the mouse status turn out for {short_feature}?  
A: The mouse status will turn out to be: the mouse {status} {short_feature}.  

Q: What is the anticipated mouse status regarding {short_feature}?  
A: The anticipated mouse status: the mouse {status} {short_feature}.  

Q: What do you predict the mouse status will be for {short_feature}?  
A: The predicted mouse status: the mouse {status} {short_feature}.  

Q: What will be the final status of the mouse concerning {short_feature}?  
A: The final status of the mouse: the mouse {status} {short_feature}.  

Q: What can we expect the mouse status to be for {short_feature}?  
A: We can expect the mouse status to be: the mouse {status} {short_feature}.  

Q: What’s the expected outcome for mouse status with {short_feature}?  
A: The expected outcome for mouse status: the mouse {status} {short_feature}.  

Q: How do you foresee the mouse status for {short_feature}?  
A: I foresee the mouse status as: the mouse {status} {short_feature}.  

Q: What will the mouse's final status be for {short_feature}?  
A: The mouse's final status will be: the mouse {status} {short_feature}.  

Q: How do you expect the mouse will be categorized concerning {short_feature}?  
A: The expected category for the mouse will be: the mouse {status} {short_feature}.  

Q: What will be the determination of mouse status related to {short_feature}?  
A: The determination of mouse status: the mouse {status} {short_feature}.  

Q: Could you describe the mouse's eventual status for {short_feature}?  
A: The mouse's eventual status will be: the mouse {status} {short_feature}.  

Q: What do you estimate the mouse status will be for {short_feature}?  
A: The estimated mouse status: the mouse {status} {short_feature}.  

Q: What might be the mouse status concerning {short_feature}?  
A: The mouse status might be: the mouse {status} {short_feature}.  

Q: What will be the outcome for mouse status regarding {short_feature}?  
A: The outcome for mouse status: the mouse {status} {short_feature}.  

Q: What do you see as the final mouse status for {short_feature}?  
A: The final mouse status seen is: the mouse {status} {short_feature}.  

Q: What status should we expect for the mouse in relation to {short_feature}?  
A: The expected status for the mouse is: the mouse {status} {short_feature}.  

Q: How will the mouse be classified at the end concerning {short_feature}?  
A: The classification of the mouse will be: the mouse {status} {short_feature}.  

Q: What is the eventual status of the mouse with respect to {short_feature}?  
A: The eventual status of the mouse is: the mouse {status} {short_feature}.  

Q: Can you explain the mouse's eventual classification for {short_feature}?  
A: The eventual classification of the mouse is: the mouse {status} {short_feature}.  

Q: What conclusion can be drawn about the mouse status for {short_feature}?  
A: The conclusion about the mouse status: the mouse {status} {short_feature}.  

Q: What does the future hold for the mouse status related to {short_feature}?  
A: The future for the mouse status holds: the mouse {status} {short_feature}.  

Q: What status could be assigned to the mouse concerning {short_feature}?  
A: The assigned status for the mouse will be: the mouse {status} {short_feature}.  

Q: What will the ultimate classification of the mouse be regarding {short_feature}?  
A: The ultimate classification of the mouse will be: the mouse {status} {short_feature}.  

Q: How will the mouse's situation evolve with respect to {short_feature}?  
A: The mouse's situation will evolve to: the mouse {status} {short_feature}.  

Q: What can we conclude about the mouse's future status considering {short_feature}?  
A: We can conclude that the mouse's future status is: the mouse {status} {short_feature}.  

Q: What predictions do you have for the final mouse status on {short_feature}?  
A: The predictions for the final mouse status are: the mouse {status} {short_feature}.  

Q: What is the projected status for the mouse concerning {short_feature}?  
A: The projected status for the mouse will be: the mouse {status} {short_feature}.  

Q: What would you say is the eventual outcome for mouse status with regard to {short_feature}?  
A: The eventual outcome for mouse status is: the mouse {status} {short_feature}.  

Q: What’s your assessment of the mouse status as it relates to {short_feature}?  
A: My assessment of the mouse status is: the mouse {status} {short_feature}.  

Q: What can we expect from the mouse's classification about {short_feature}?  
A: We can expect the mouse's classification to be: the mouse {status} {short_feature}.  

Q: What's the conclusive status for the mouse relating to {short_feature}?  
A: The conclusive status for the mouse is: the mouse {status} {short_feature}.  

Q: In the end, what will the mouse status be in terms of {short_feature}?  
A: In the end, the mouse status will be: the mouse {status} {short_feature}.  

Q: What is the end result regarding the mouse's status for {short_feature}?  
A: The end result regarding the mouse's status is: the mouse {status} {short_feature}.  

Q: What will the summary be for the mouse status concerning {short_feature}?  
A: The summary for the mouse status is: the mouse {status} {short_feature}.  

Q: What is your final verdict on the mouse status about {short_feature}?  
A: My final verdict on the mouse status is: the mouse {status} {short_feature}.  

Q: Could you share the concluding details for mouse status related to {short_feature}?  
A: The concluding details for mouse status are: the mouse {status} {short_feature}.  

Q: What is the takeaway regarding the mouse status with {short_feature}?  
A: The takeaway regarding the mouse status is: the mouse {status} {short_feature}.  

Q: How will we ultimately describe the mouse's status concerning {short_feature}?  
A: We will ultimately describe the mouse's status as: the mouse {status} {short_feature}.  

Q: What’s the final take on the mouse status for {short_feature}?  
A: The final take on the mouse status is: the mouse {status} {short_feature}.  

Q: What conclusions can we make about the mouse's future status concerning {short_feature}?  
A: The conclusions we make about the mouse's future status are: the mouse {status} {short_feature}.  

Q: How would you summarize the mouse status for {short_feature}?  
A: The summary of the mouse status is: the mouse {status} {short_feature}.  

Q: What will ultimately determine the mouse status regarding {short_feature}?  
A: The determination of mouse status will ultimately be: the mouse {status} {short_feature}.  

Q: How should we interpret the eventual mouse status about {short_feature}?  
A: We should interpret the eventual mouse status as: the mouse {status} {short_feature}.  

Q: What is your final statement about the mouse status concerning {short_feature}?  
A: My final statement about the mouse status is: the mouse {status} {short_feature}.  

Q: What’s the concluding assessment for the mouse status in relation to {short_feature}?  
A: The concluding assessment for the mouse status is: the mouse {status} {short_feature}.  

Q: How would you evaluate the future mouse status for {short_feature}?  
A: I would evaluate the future mouse status as: the mouse {status} {short_feature}.  

Q: What can be said about the eventual classification of mouse status regarding {short_feature}?  
A: It can be said that the eventual classification of mouse status is: the mouse {status} {short_feature}.  

Q: What would you summarize as the ultimate mouse status concerning {short_feature}?  
A: The ultimate mouse status would be summarized as: the mouse {status} {short_feature}.  

Q: What's the bottom line on the mouse status for {short_feature}?  
A: The bottom line on the mouse status is: the mouse {status} {short_feature}.  

Q: What’s your closing remark about the mouse status in light of {short_feature}?  
A: My closing remark about the mouse status is: the mouse {status} {short_feature}.  

Q: How do you assess the long-term status of the mouse with respect to {short_feature}?  
A: I assess the long-term status of the mouse as: the mouse {status} {short_feature}.  

Q: What is the definitive answer regarding the mouse status concerning {short_feature}?  
A: The definitive answer regarding the mouse status is: the mouse {status} {short_feature}.  

Q: How would you conclude the discussion on mouse status for {short_feature}?  
A: I would conclude the discussion on mouse status with: the mouse {status} {short_feature}.  

Q: What is your concluding thought on the mouse status related to {short_feature}?  
A: My concluding thought on the mouse status is: the mouse {status} {short_feature}.  

Q: How do you foresee the final outcome for the mouse status concerning {short_feature}?  
A: I foresee the final outcome for the mouse status as: the mouse {status} {short_feature}.  "
"Please produce hundred alternative wordings that a clinician may use for the following question and answer. Please include everything surrounded by curly braces {} as they are because they are placeholders. Please generate the reworded question starting with ""Q:"" and reworded answer starting with ""A:"" and separate each generated question/answer pair with a newline. Please do not produce any additional text.
Q: Predict the mouse's trajectory of {long_feature} over the next {n_weeks} weeks? A: The predicted trajectory for {long_feature} - {trajectory}.","Q: Can you forecast the mouse's path for {long_feature} in the upcoming {n_weeks} weeks?  
A: The anticipated path for {long_feature} is - {trajectory}.  

Q: What is the expected movement of the mouse regarding {long_feature} in the next {n_weeks} weeks?  
A: The future movement for {long_feature} is projected to be - {trajectory}.  

Q: How do you foresee the mouse's route for {long_feature} evolving over the next {n_weeks} weeks?  
A: The expected evolution of {long_feature} is - {trajectory}.  

Q: What trajectory will the mouse's {long_feature} likely follow in the next {n_weeks} weeks?  
A: The likely trajectory of {long_feature} is - {trajectory}.  

Q: How do you predict the mouse's {long_feature} will change over the next {n_weeks} weeks?  
A: The predicted change in {long_feature} is - {trajectory}.  

Q: Can you estimate the trajectory of the mouse concerning {long_feature} for the next {n_weeks} weeks?  
A: The estimated trajectory for {long_feature} is - {trajectory}.  

Q: What trajectory do you expect for the mouse’s {long_feature} over the coming {n_weeks} weeks?  
A: The expected trajectory of {long_feature} is - {trajectory}.  

Q: How will the mouse's {long_feature} likely develop in the next {n_weeks} weeks?  
A: The likely development of {long_feature} is - {trajectory}.  

Q: Can you provide a forecast for the mouse's {long_feature} over the next {n_weeks} weeks?  
A: The forecast for {long_feature} is - {trajectory}.  

Q: What is your prediction for the trajectory of {long_feature} in the mouse over the coming {n_weeks} weeks?  
A: The predicted trajectory for {long_feature} is - {trajectory}.  

Q: What will the mouse's path for {long_feature} look like in the next {n_weeks} weeks?  
A: The mouse's path for {long_feature} is anticipated to be - {trajectory}.  

Q: Could you predict how the mouse’s {long_feature} will evolve in the following {n_weeks} weeks?  
A: The projection for {long_feature} is - {trajectory}.  

Q: How do you see the mouse's movement regarding {long_feature} over the next {n_weeks} weeks?  
A: The anticipated movement for {long_feature} is - {trajectory}.  

Q: Can you assess the future trajectory of {long_feature} for the mouse over the next {n_weeks} weeks?  
A: The assessment for {long_feature} trajectory is - {trajectory}.  

Q: What do you expect regarding the mouse’s {long_feature} in the ensuing {n_weeks} weeks?  
A: The expected details for {long_feature} are - {trajectory}.  

Q: How would you describe the future trend of {long_feature} for the mouse across the next {n_weeks} weeks?  
A: The predicted trend for {long_feature} is - {trajectory}.  

Q: What can you anticipate about the mouse's {long_feature} trajectory as we approach the next {n_weeks} weeks?  
A: The anticipated details for {long_feature} are - {trajectory}.  

Q: How might the mouse's movement regarding {long_feature} look in the next {n_weeks} weeks?  
A: The expected movement for {long_feature} is - {trajectory}.  

Q: Can you indicate the likely trajectory for the mouse's {long_feature} across the next {n_weeks} weeks?  
A: The likely trajectory of {long_feature} is - {trajectory}.  

Q: How is the mouse's {long_feature} expected to perform in the next {n_weeks} weeks?  
A: The projected performance for {long_feature} is - {trajectory}.  

Q: What trajectory do you project for the mouse's {long_feature} moving forward over the next {n_weeks} weeks?  
A: The projected trajectory for {long_feature} is - {trajectory}.  

Q: Can you tell me about the expected trajectory for the mouse's {long_feature} over the coming {n_weeks} weeks?  
A: The anticipated trajectory for {long_feature} is - {trajectory}.  

Q: What direction is the mouse's {long_feature} likely to take in the next {n_weeks} weeks?  
A: The likely direction for {long_feature} is - {trajectory}.  

Q: How will the mouse's {long_feature} likely shift in the next {n_weeks} weeks?  
A: The anticipated shift for {long_feature} is - {trajectory}.  

Q: What forecasts can you make regarding the trajectory of the mouse's {long_feature} over the next {n_weeks} weeks?  
A: The forecasted trajectory for {long_feature} is - {trajectory}.  

Q: Can you offer insight on how the mouse's {long_feature} may change in the {n_weeks} weeks ahead?  
A: The insightful prediction for {long_feature} is - {trajectory}.  

Q: What future movements do you foresee for the mouse's {long_feature} in the next {n_weeks} weeks?  
A: The foreseen movements for {long_feature} are - {trajectory}.  

Q: How do you think the mouse's {long_feature} trajectory will look in {n_weeks} weeks?  
A: The expected trajectory for {long_feature} is - {trajectory}.  

Q: What are your thoughts on the mouse’s {long_feature} over the next {n_weeks} weeks?  
A: The anticipated outcomes for {long_feature} are - {trajectory}.  

Q: Could you summarize the expected trajectory of the mouse's {long_feature} over the following {n_weeks} weeks?  
A: The summary for {long_feature} is - {trajectory}.  

Q: What’s your outlook on the trajectory of the mouse's {long_feature} in {n_weeks} weeks?  
A: The outlook for {long_feature} is - {trajectory}.  

Q: Are there predictions to be made about {long_feature} for the mouse in the next {n_weeks} weeks?  
A: The predictions for {long_feature} are - {trajectory}.  

Q: What can we expect from the mouse's {long_feature} movement over the upcoming {n_weeks} weeks?  
A: The expected movement for {long_feature} is - {trajectory}.  

Q: How do you expect the mouse to manage its {long_feature} in the near {n_weeks} weeks?  
A: The expected management for {long_feature} is - {trajectory}.  

Q: Where do you see the mouse's {long_feature} heading in the next {n_weeks} weeks?  
A: The trajectory for {long_feature} is projected to be - {trajectory}.  

Q: Can you make an educated guess about the mouse's trajectory regarding {long_feature} in the next {n_weeks} weeks?  
A: The educated guess for {long_feature} is - {trajectory}.  

Q: What is your best assessment of the mouse's trajectory concerning {long_feature} over the forthcoming {n_weeks} weeks?  
A: The best assessment for {long_feature} is - {trajectory}.  

Q: Can we determine how the mouse's {long_feature} will develop in the very near {n_weeks} weeks?  
A: The development for {long_feature} is anticipated to be - {trajectory}.  

Q: How should we anticipate the mouse's {long_feature} trajectory changing in the next {n_weeks} weeks?  
A: The anticipated change for {long_feature} is - {trajectory}.  

Q: What trajectory do you foresee for the mouse’s {long_feature} as we look at the next {n_weeks} weeks?  
A: The projected trajectory for {long_feature} is - {trajectory}.  

Q: What do you envision for the next {n_weeks} weeks in terms of the mouse's {long_feature}?  
A: The envisioned trajectory for {long_feature} is - {trajectory}.  

Q: How will we likely see the mouse's {long_feature} develop in the next {n_weeks} weeks?  
A: The expected development for {long_feature} is - {trajectory}.  

Q: Can you predict where the mouse's trajectory of {long_feature} may lead over the next {n_weeks} weeks?  
A: The projected direction for {long_feature} is - {trajectory}.  

Q: Where do you think the mouse's {long_feature} trajectory will go in the next {n_weeks} weeks?  
A: The anticipated path for {long_feature} is - {trajectory}.  

Q: What trajectory do you estimate for the mouse concerning {long_feature} in the following {n_weeks} weeks?  
A: The estimated trajectory for {long_feature} is - {trajectory}.  

Q: What would be your prediction regarding the mouse’s {long_feature} over the next {n_weeks} weeks?  
A: The prediction for {long_feature} is - {trajectory}.  

Q: What insights can you provide on the expected trajectory of the mouse's {long_feature} in the coming {n_weeks} weeks?  
A: The expected insights for {long_feature} trajectory are - {trajectory}.  

Q: Can you summarize the anticipated movement for the mouse's {long_feature} in the next {n_weeks} weeks?  
A: The summary for {long_feature} trajectory is - {trajectory}.  

Q: What do you estimate the trajectory of the mouse’s {long_feature} will be moving forward over the next {n_weeks} weeks?  
A: The estimated path for {long_feature} is - {trajectory}.  

Q: Could you describe what the mouse's {long_feature} dynamics might look like in the upcoming {n_weeks} weeks?  
A: The anticipated dynamics for {long_feature} are - {trajectory}.  

Q: What is the likely pattern for the mouse’s {long_feature} in the next {n_weeks} weeks?  
A: The predicted pattern for {long_feature} is - {trajectory}.  

Q: Can you provide an outlook on the mouse's {long_feature} trajectory for the next {n_weeks} weeks?  
A: The outlook for {long_feature} trajectory is - {trajectory}.  

Q: Where do you believe the trajectory of {long_feature} for the mouse will lead in the next {n_weeks} weeks?  
A: The potential direction for {long_feature} is - {trajectory}.  

Q: How do you envision the mouse's {long_feature} trajectory evolving as the {n_weeks} approach?  
A: The projected evolution for {long_feature} is - {trajectory}.  

Q: What could be anticipated for the mouse's {long_feature} path in the next {n_weeks} weeks?  
A: The anticipated path for {long_feature} is - {trajectory}.  

Q: What trajectory do you believe will characterize the mouse's {long_feature} over the coming {n_weeks} weeks?  
A: The characterizing trajectory for {long_feature} is - {trajectory}.  

Q: How might the trajectory of the mouse's {long_feature} be described for the immediate {n_weeks} weeks ahead?  
A: The described trajectory for {long_feature} is - {trajectory}.  

Q: What trends can we expect from the mouse's {long_feature} in the coming {n_weeks} weeks?  
A: The expected trends for {long_feature} are - {trajectory}.  

Q: What do you see ahead for the mouse’s {long_feature} as we look at the next {n_weeks} weeks?  
A: The anticipated view for {long_feature} is - {trajectory}.  

Q: What trajectory do you foresee the mouse's {long_feature} taking in the next {n_weeks} weeks?  
A: The anticipated trajectory for {long_feature} is - {trajectory}.  

Q: Can you predict how the trajectory for {long_feature} in the mouse might change in the next {n_weeks} weeks?  
A: The predicted change for {long_feature} is - {trajectory}.  

Q: How will the mouse's {long_feature} likely perform in the next {n_weeks} weeks?  
A: The predicted performance for {long_feature} is - {trajectory}.  

Q: In terms of the mouse's {long_feature}, what trajectory do you expect over the next {n_weeks} weeks?  
A: The expected trajectory for {long_feature} is - {trajectory}.  

Q: Can you outline the future trajectory for the mouse's {long_feature} in the next {n_weeks} weeks?  
A: The projected outline for {long_feature} is - {trajectory}."
"Please produce hundred alternative wordings that a clinician may use for the following question and answer. Please include everything surrounded by curly braces {} as they are because they are placeholders. Please generate the reworded question starting with ""Q:"" and reworded answer starting with ""A:"" and separate each generated question/answer pair with a newline. Please do not produce any additional text.
Q: Predict the mouse's trajectory of {long_feature} over the next {n_weeks} weeks and the eventual status of {short_feature}? A: The predicted trajectory for {long_feature} - {trajectory}. The eventual status: the mouse {status} {short_feature}.","Q: Can you forecast the mouse's path for {long_feature} in the upcoming {n_weeks} weeks and the final outcome for {short_feature}?  
A: The forecasted path for {long_feature} is - {trajectory}. The final outcome: the mouse {status} {short_feature}.  

Q: What is your projection for the mouse's movement regarding {long_feature} for the next {n_weeks} weeks and the anticipated result for {short_feature}?  
A: The projected movement for {long_feature} is - {trajectory}. The anticipated result: the mouse {status} {short_feature}.  

Q: How do you foresee the mouse's development of {long_feature} over the next {n_weeks} weeks and the conclusive state of {short_feature}?  
A: The expected development for {long_feature} is - {trajectory}. The conclusive state: the mouse {status} {short_feature}.  

Q: What trajectory do you expect for the mouse concerning {long_feature} over the following {n_weeks} weeks and the eventual condition of {short_feature}?  
A: The expected trajectory for {long_feature} is - {trajectory}. The eventual condition: the mouse {status} {short_feature}.  

Q: Can you share your outlook on the mouse's journey regarding {long_feature} during the next {n_weeks} weeks and the final status of {short_feature}?  
A: The outlook for {long_feature} is - {trajectory}. The final status: the mouse {status} {short_feature}.  

Q: What insights do you have about the mouse's progress with {long_feature} over the upcoming {n_weeks} weeks and the eventual state of {short_feature}?  
A: The insights for {long_feature} suggest - {trajectory}. The eventual state: the mouse {status} {short_feature}.  

Q: Could you elaborate on your predictions for the mouse's course of {long_feature} in the next {n_weeks} weeks and the concluding result for {short_feature}?  
A: The predictions for {long_feature} indicate - {trajectory}. The concluding result: the mouse {status} {short_feature}.  

Q: How do you envision the mouse's course regarding {long_feature} for the next {n_weeks} weeks and the ultimate situation of {short_feature}?  
A: The envisioned course for {long_feature} is - {trajectory}. The ultimate situation: the mouse {status} {short_feature}.  

Q: What are your expectations for the trajectory of the mouse’s {long_feature} over the next {n_weeks} weeks and the eventual outcome for {short_feature}?  
A: The expected trajectory for {long_feature} is - {trajectory}. The eventual outcome: the mouse {status} {short_feature}.  

Q: Can you provide a prediction about the mouse’s path concerning {long_feature} in the following {n_weeks} weeks and the ultimate status of {short_feature}?  
A: The prediction for {long_feature} suggests - {trajectory}. The ultimate status: the mouse {status} {short_feature}.  

Q: What do you anticipate regarding the mouse's movement in relation to {long_feature} for the next {n_weeks} weeks and the final state of {short_feature}?  
A: The anticipated movement for {long_feature} is - {trajectory}. The final state: the mouse {status} {short_feature}.  

Q: Could you enlighten me on the expected direction of the mouse's {long_feature} over the next {n_weeks} weeks and the eventual condition of {short_feature}?  
A: The expected direction for {long_feature} is - {trajectory}. The eventual condition: the mouse {status} {short_feature}.  

Q: What projections can you make about the trajectory of {long_feature} for the mouse in the next {n_weeks} weeks and the conclusive state of {short_feature}?  
A: The projections for {long_feature} indicate - {trajectory}. The conclusive state: the mouse {status} {short_feature}.  

Q: How would you assess the mouse’s trajectory regarding {long_feature} over the upcoming {n_weeks} weeks and the ultimate result of {short_feature}?  
A: The assessment for {long_feature} is - {trajectory}. The ultimate result: the mouse {status} {short_feature}.  

Q: What is your analysis of the mouse's trajectory for {long_feature} during the next {n_weeks} weeks and the final outcome for {short_feature}?  
A: The analysis of {long_feature} shows - {trajectory}. The final outcome: the mouse {status} {short_feature}.  

Q: Can you project the mouse's evolution of {long_feature} for the next {n_weeks} weeks and the eventual status of {short_feature}?  
A: The projection for {long_feature} is - {trajectory}. The eventual status: the mouse {status} {short_feature}.  

Q: What do you predict regarding the mouse’s journey of {long_feature} in the upcoming {n_weeks} weeks and the final condition of {short_feature}?  
A: The prediction for {long_feature} shows - {trajectory}. The final condition: the mouse {status} {short_feature}.  

Q: How will the mouse's pathway with respect to {long_feature} be over the next {n_weeks} weeks and what will be the eventual situation of {short_feature}?  
A: The pathway for {long_feature} is expected to be - {trajectory}. The eventual situation: the mouse {status} {short_feature}.  

Q: Can you comment on the anticipated trajectory of the mouse's {long_feature} for the next {n_weeks} weeks and the outcome for {short_feature}?  
A: The anticipated trajectory for {long_feature} is - {trajectory}. The outcome: the mouse {status} {short_feature}.  

Q: How do you expect the mouse's {long_feature} to develop over the next {n_weeks} weeks and what will be the final assessment of {short_feature}?  
A: The expected development for {long_feature} is - {trajectory}. The final assessment: the mouse {status} {short_feature}.  

Q: What kind of trajectory do you foresee for the mouse's {long_feature} in the upcoming {n_weeks} weeks and what is the predicted status of {short_feature}?  
A: The foretold trajectory for {long_feature} is - {trajectory}. The predicted status: the mouse {status} {short_feature}.  

Q: Could you provide insight on the trajectory of {long_feature} for the mouse over the next {n_weeks} weeks and the condition of {short_feature}?  
A: The insights indicate that the trajectory for {long_feature} is - {trajectory}. The condition: the mouse {status} {short_feature}.  

Q: What predictions do you have for the mouse regarding {long_feature} for the next {n_weeks} weeks and the outcome for {short_feature}?  
A: The predictions for {long_feature} suggest - {trajectory}. The outcome: the mouse {status} {short_feature}.  

Q: How do you project the direction of {long_feature} for the mouse in the next {n_weeks} weeks and what will be the conclusion for {short_feature}?  
A: The projected direction for {long_feature} is - {trajectory}. The conclusion: the mouse {status} {short_feature}.  

Q: What trajectory would you estimate for the mouse's {long_feature} in the upcoming {n_weeks} weeks and the eventual outcome of {short_feature}?  
A: The estimated trajectory for {long_feature} is - {trajectory}. The eventual outcome: the mouse {status} {short_feature}.  

Q: How would you characterize the mouse's trajectory concerning {long_feature} over the next {n_weeks} weeks and the final condition of {short_feature}?  
A: The characterization for {long_feature} is - {trajectory}. The final condition: the mouse {status} {short_feature}.  

Q: What analysis can you provide about the trajectory of the mouse's {long_feature} for the next {n_weeks} weeks and the expected state of {short_feature}?  
A: The analysis indicates the trajectory for {long_feature} is - {trajectory}. The expected state: the mouse {status} {short_feature}.  

Q: Could you explain your projections for the mouse's use of {long_feature} during the next {n_weeks} weeks and the final status for {short_feature}?  
A: The projections for {long_feature} are - {trajectory}. The final status: the mouse {status} {short_feature}.  

Q: How might the trajectory of {long_feature} change for the mouse in the next {n_weeks} weeks and what do you foresee for {short_feature}?  
A: The trajectory for {long_feature} appears to be - {trajectory}. What I foresee: the mouse {status} {short_feature}.  

Q: What insights do you have on the mouse's development of {long_feature} in the next {n_weeks} weeks and the ultimate result for {short_feature}?  
A: The insights suggest that for {long_feature}, we project - {trajectory}. The ultimate result: the mouse {status} {short_feature}.  

Q: How do you see the mouse's progression of {long_feature} over the next {n_weeks} weeks and the eventual conclusion regarding {short_feature}?  
A: The progression for {long_feature} is expected to take - {trajectory}. The eventual conclusion: the mouse {status} {short_feature}.  

Q: What are your views on the expected trajectory of {long_feature} for the mouse in the next {n_weeks} weeks and the prospective status of {short_feature}?  
A: The views on {long_feature} predict - {trajectory}. The prospective status: the mouse {status} {short_feature}.  

Q: What can you deduce about the mouse’s possible path concerning {long_feature} over the next {n_weeks} weeks and the final outcome for {short_feature}?  
A: The deduction for {long_feature} leads us to - {trajectory}. The final outcome: the mouse {status} {short_feature}.  

Q: Can you summarize the trajectory of the mouse's {long_feature} for the upcoming {n_weeks} weeks and the inferred status of {short_feature}?  
A: The summary of {long_feature} leads to - {trajectory}. The inferred status: the mouse {status} {short_feature}.  

Q: How do you assess the trajectory of {long_feature} for the next {n_weeks} weeks and the final prognosis of {short_feature}?  
A: The assessment for {long_feature} shows - {trajectory}. The final prognosis: the mouse {status} {short_feature}.  

Q: What perspective do you hold regarding the trajectory of {long_feature} in the upcoming {n_weeks} weeks and {short_feature}'s ultimate situation?  
A: The perspective on {long_feature} indicates - {trajectory}. The ultimate situation: the mouse {status} {short_feature}.  

Q: Can you provide a forecast on how {long_feature} will evolve for the mouse over the next {n_weeks} weeks and the eventual result of {short_feature}?  
A: The forecast for {long_feature} is - {trajectory}. The eventual result: the mouse {status} {short_feature}.  

Q: What trajectory do you expect regarding {long_feature} in the next {n_weeks} weeks and the anticipated outcome for {short_feature}?  
A: The expected trajectory for {long_feature} is - {trajectory}. The anticipated outcome: the mouse {status} {short_feature}.  

Q: Can you outline the future pathway for the mouse’s {long_feature} in the next {n_weeks} weeks and the eventual condition of {short_feature}?  
A: The outline of {long_feature} shows - {trajectory}. The eventual condition: the mouse {status} {short_feature}.  

Q: What is the anticipated trajectory for the mouse with respect to {long_feature} in the coming {n_weeks} weeks and the final outcome for {short_feature}?  
A: The anticipated trajectory for {long_feature} suggests - {trajectory}. The final outcome: the mouse {status} {short_feature}.  

Q: How would you define the expected course of action for the mouse concerning {long_feature} in the next {n_weeks} weeks and the status of {short_feature}?  
A: The expected course of action for {long_feature} is - {trajectory}. The status: the mouse {status} {short_feature}.  

Q: What conclusions can you draw about the mouse's pathway regarding {long_feature} in the next {n_weeks} weeks and {short_feature}'s eventual condition?  
A: The conclusions drawn for {long_feature} point to - {trajectory}. The eventual condition: the mouse {status} {short_feature}.  

Q: Can you explain the trajectory of the mouse's {long_feature} as it may change over the next {n_weeks} weeks and what {short_feature} might become?  
A: The explanation for {long_feature} indicates it will be - {trajectory}. What {short_feature} might become: the mouse {status} {short_feature}.  

Q: How do you see the mouse's future in relation to {long_feature} for the next {n_weeks} weeks and the result regarding {short_feature}?  
A: The future of {long_feature} appears to trend towards - {trajectory}. The result regarding {short_feature}: the mouse {status} {short_feature}.  "
