scan_id,week,tracer,timepoint_h,genotype,group,mouse_nums,n_mice,has_ct_hi,has_ct_lo,has_pet,modalities,dicom_rel_path,is_valid,superseded_by,notes
m54215,12,NaF,1,WT,Control,1;2,2,False,True,True,CT-Lo;NaF,Week 12/18F-NaF/m54215,True,,
m54216,12,NaF,1,WT,Control,3;4;5;6,4,False,True,True,CT-Lo;NaF,Week 12/18F-NaF/m54216,True,,
m54217,12,NaF,1,WT,Control,7;8;9;10,4,False,True,True,CT-Lo;NaF,Week 12/18F-NaF/m54217,True,,
m54218,12,NaF,1,WT,Control,11;12;13;14,4,False,True,True,CT-Lo;NaF,Week 12/18F-NaF/m54218,True,,
m54219,12,NaF,1,WT,Control,15;16;17;18,4,False,True,True,CT-Lo;NaF,Week 12/18F-NaF/m54219,True,,
m54221,12,NaF,1,KO,Disease,1;2;3;4,4,False,True,True,CT-Lo;NaF,Week 12/18F-NaF/m54221,True,,
m54222,12,NaF,1,KO,Disease,5;6;7;8,4,False,True,True,CT-Lo;NaF,Week 12/18F-NaF/m54222,True,,
m54223_1,12,NaF,1,KO,Disease,9;10;11;12,4,False,True,False,CT-Lo,Week 12/18F-NaF/m54223_1,True,,CT-Lo only in this DICOM folder; NaF PET sourced from m54223 during NIfTI build (per-modality merge per Heuristic #1)
m54224,12,NaF,1,KO,Disease,13;14;15;16,4,False,True,True,CT-Lo;NaF,Week 12/18F-NaF/m54224,True,,
m54225,12,NaF,1+3,WT,Control,19;20;1;2,4,True,False,True,CT-Hi;NaF,Week 12/18F-NaF/m54225,True,,Mixed timepoint: WT 19-20 @1h + WT 1-2 @3h in same session
m54226,12,NaF,3,WT,Control,3;4;5;6,4,True,False,True,CT-Hi;NaF,Week 12/18F-NaF/m54226,True,,
m54227,12,NaF,3,WT,Control,7;8;9;10,4,True,False,True,CT-Hi;NaF,Week 12/18F-NaF/m54227,True,,
m54228,12,NaF,3,WT,Control,11;12;13;14,4,True,False,True,CT-Hi;NaF,Week 12/18F-NaF/m54228,True,,
m54229,12,NaF,3,WT,Control,15;16;17;18,4,True,False,True,CT-Hi;NaF,Week 12/18F-NaF/m54229,True,,
m54231,12,NaF,3,KO,Disease,1;2;3;4,4,True,False,True,CT-Hi;NaF,Week 12/18F-NaF/m54231,True,,
m54232,12,NaF,3,KO,Disease,5;6;7;8,4,True,False,True,CT-Hi;NaF,Week 12/18F-NaF/m54232,False,,XIF uses range notation m54232-m54250; DICOM folder is m54232. CT-Hi DICOMs are blank attenuation correction scan (no animals; mean HU -1015). No usable data.
m54233,12,NaF,3,KO,Disease,9;10;11;12,4,True,False,True,CT-Hi;NaF,Week 12/18F-NaF/m54233,True,,
m54234,12,NaF,3,KO,Disease,13;14;15;16,4,True,False,True,CT-Hi;NaF,Week 12/18F-NaF/m54234,True,,
m54244,12,NaF,3,WT,Control,19;20,2,True,False,True,CT-Hi;NaF,Week 12/18F-NaF/m54244,True,,
m54301,12,NaF,1,KO,Disease,17;18;19;20,4,False,True,True,CT-Lo;NaF,Week 12/18F-NaF/m54301,True,,
m54302,12,NaF,3,KO,Disease,17;18;19;20,4,True,False,True,CT-Hi;NaF,Week 12/18F-NaF/m54302,True,,
m54223,12,NaF,1,KO,Disease,9;10;11;12,4,False,True,True,CT-Lo;NaF,Week 12/18F-NaF/m54223,False,m54223_1,Faulty CT; CT-Lo superseded by m54223_1; NaF PET from this scan is retained and merged during NIfTI build per Heuristic #1
m54253,12,FDG,3,WT,Control,1;2;3;4,4,False,True,True,CT-Lo;FDG,Week 12/18F-FDG/m54253,True,,
m54254,12,FDG,3,WT,Control,5;6;7;8,4,False,True,True,CT-Lo;FDG,Week 12/18F-FDG/m54254,True,,
m54255,12,FDG,3,WT,Control,9;10;11;12,4,False,True,True,CT-Lo;FDG,Week 12/18F-FDG/m54255,True,,
m54256,12,FDG,3,WT,Control,13;14;15;16,4,False,True,True,CT-Lo;FDG,Week 12/18F-FDG/m54256,True,,
m54257,12,FDG,3,WT,Control,17;18;19;20,4,False,True,True,CT-Lo;FDG,Week 12/18F-FDG/m54257,True,,
m54258,12,FDG,3,KO,Disease,1;2;3;4,4,False,True,True,CT-Lo;FDG,Week 12/18F-FDG/m54258,True,,
m54259,12,FDG,3,KO,Disease,5;6;7;8,4,False,True,True,CT-Lo;FDG,Week 12/18F-FDG/m54259,True,,
m54260,12,FDG,3,KO,Disease,9;10;11;12,4,False,True,True,CT-Lo;FDG,Week 12/18F-FDG/m54260,True,,
m54261,12,FDG,3,KO,Disease,13;14;15;16,4,False,True,True,CT-Lo;FDG,Week 12/18F-FDG/m54261,True,,
m54262,12,FDG,3,KO,Disease,17;18;19;20,4,False,True,True,CT-Lo;FDG,Week 12/18F-FDG/m54262,True,,
m54263,12,FDG,5,WT,Control,1;2;3;4,4,True,False,True,CT-Hi;FDG,Week 12/18F-FDG/m54263,True,,
m54264,12,FDG,5,WT,Control,5;6;7;8,4,True,False,True,CT-Hi;FDG,Week 12/18F-FDG/m54264,True,,
m54265,12,FDG,5,WT,Control,9;10;11;12,4,True,False,True,CT-Hi;FDG,Week 12/18F-FDG/m54265,True,,
m54266,12,FDG,5,WT,Control,13;14;15;16,4,True,False,True,CT-Hi;FDG,Week 12/18F-FDG/m54266,True,,
m54267,12,FDG,5,WT,Control,17;18;19;20,4,True,False,True,CT-Hi;FDG,Week 12/18F-FDG/m54267,False,,CT-Hi DICOMs are blank attenuation correction scan (no animals; mean HU -1026). No usable data.
m54268,12,FDG,5,KO,Disease,1;2;3;4,4,True,False,True,CT-Hi;FDG,Week 12/18F-FDG/m54268,True,,
m54269,12,FDG,5,KO,Disease,5;6;7;8,4,True,False,True,CT-Hi;FDG,Week 12/18F-FDG/m54269,True,,
m54270,12,FDG,5,KO,Disease,9;10;11;12,4,True,False,True,CT-Hi;FDG,Week 12/18F-FDG/m54270,True,,
m54271,12,FDG,5,KO,Disease,13;14;15;16,4,True,False,True,CT-Hi;FDG,Week 12/18F-FDG/m54271,True,,
m54272,12,FDG,5,KO,Disease,17;18;19;20,4,True,False,True,CT-Hi;FDG,Week 12/18F-FDG/m54272,True,,
m54389,15,NaF,1,WT,Control,1;2,2,False,True,True,CT-Lo;NaF,Week 15/18F-NaF/m54389,True,,
m54390,15,NaF,1,WT,Control,3;4;5;6,4,False,True,True,CT-Lo;NaF,Week 15/18F-NaF/m54390,True,,
m54391,15,NaF,1,WT,Control,7;8;9;10,4,False,True,True,CT-Lo;NaF,Week 15/18F-NaF/m54391,True,,
m54392,15,NaF,1,WT,Control,11;12;13;14,4,False,True,True,CT-Lo;NaF,Week 15/18F-NaF/m54392,True,,
m54393,15,NaF,1,WT,Control,15;16;17;18,4,False,True,True,CT-Lo;NaF,Week 15/18F-NaF/m54393,True,,
m54394,15,NaF,1,KO,Disease,1;2;3;4,4,False,True,True,CT-Lo;NaF,Week 15/18F-NaF/m54394,True,,
m54395,15,NaF,1,KO,Disease,5;6;7;8,4,False,True,True,CT-Lo;NaF,Week 15/18F-NaF/m54395,True,,
m54396,15,NaF,1,KO,Disease,9;10;11,3,False,True,True,CT-Lo;NaF,Week 15/18F-NaF/m54396,True,,
m54397,15,NaF,1,KO,Disease,12;13;14;15,4,False,True,True,CT-Lo;NaF,Week 15/18F-NaF/m54397,True,,
m54398,15,NaF,1,KO,Disease,16;17;18,3,False,True,True,CT-Lo;NaF,Week 15/18F-NaF/m54398,True,,
m54399,15,NaF,3,WT,Control,1;2,2,True,False,True,CT-Hi;NaF,Week 15/18F-NaF/m54399,True,,
m54400_2,15,NaF,3,WT,Control,3;4;5;6,4,True,False,True,CT-Hi;NaF,Week 15/18F-NaF/m54400_2,True,,
m54401,15,NaF,3,WT,Control,7;8;9;10,4,True,False,True,CT-Hi;NaF,Week 15/18F-NaF/m54401,True,,
m54402,15,NaF,3,WT,Control,11;12;13;14,4,True,False,True,CT-Hi;NaF,Week 15/18F-NaF/m54402,True,,
m54403_1,15,NaF,3,WT,Control,15;16;17;18,4,True,False,True,CT-Hi;NaF,Week 15/18F-NaF/m54403_1,True,,
m54404_1,15,NaF,3,KO,Disease,1;2;3;4,4,True,False,True,CT-Hi;NaF,Week 15/18F-NaF/m54404_1,True,,
m54405,15,NaF,3,KO,Disease,5;6;7;8,4,True,False,True,CT-Hi;NaF,Week 15/18F-NaF/m54405,True,,
m54406,15,NaF,3,KO,Disease,9;10;11,3,True,False,True,CT-Hi;NaF,Week 15/18F-NaF/m54406,True,,
m54407_2,15,NaF,3,KO,Disease,12;13;14;15,4,True,False,False,CT-Hi,Week 15/18F-NaF/m54407_2,True,,CT-Hi only in this DICOM folder; NaF PET sourced from m54407 during NIfTI build (per-modality merge per Heuristic #1)
m54408_1,15,NaF,3,KO,Disease,16;17;18,3,True,False,True,CT-Hi;NaF,Week 15/18F-NaF/m54408_1,True,,
m54400,15,NaF,3,WT,Control,3;4;5;6,4,True,False,True,CT-Hi;NaF,Week 15/18F-NaF/m54400,False,m54400_2,Faulty original; superseded by m54400_2 (via m54400_1)
m54400_1,15,NaF,3,WT,Control,3;4;5;6,4,False,False,False,,Week 15/18F-NaF/m54400_1,False,m54400_2,Faulty intermediate; no modalities detected; superseded by m54400_2
m54403,15,NaF,3,WT,Control,15;16;17;18,4,True,False,False,CT-Hi,Week 15/18F-NaF/m54403,False,m54403_1,Faulty original; NaF PET missing; superseded by m54403_1
m54404,15,NaF,3,KO,Disease,1;2;3;4,4,True,False,True,CT-Hi;NaF,Week 15/18F-NaF/m54404,False,m54404_1,Faulty original; superseded by m54404_1
m54407,15,NaF,3,KO,Disease,12;13;14;15,4,True,False,True,CT-Hi;NaF,Week 15/18F-NaF/m54407,False,m54407_2,Faulty CT; CT-Hi superseded by m54407_2; NaF PET from this scan is retained and merged during NIfTI build per Heuristic #1
m54407_1,15,NaF,3,KO,Disease,12;13;14;15,4,False,False,False,,Week 15/18F-NaF/m54407_1,False,m54407_2,Faulty intermediate; no modalities detected; superseded by m54407_2
m54408,15,NaF,3,KO,Disease,16;17;18,3,False,False,False,,Week 15/18F-NaF/m54408,False,m54408_1,Faulty original; no modalities detected; superseded by m54408_1
m54498,15,FDG,3,KO,Disease,1;2;3;4,4,False,True,True,CT-Lo;FDG,Week 15/18F-FDG/m54498,True,,
m54499,15,FDG,3,KO,Disease,5;6;7;8,4,False,True,True,CT-Lo;FDG,Week 15/18F-FDG/m54499,True,,
m54500,15,FDG,3,KO,Disease,9;10;11;12,4,False,True,True,CT-Lo;FDG,Week 15/18F-FDG/m54500,True,,
m54501,15,FDG,3,KO,Disease,13;14;15,3,False,True,True,CT-Lo;FDG,Week 15/18F-FDG/m54501,True,,
m54502,15,FDG,3,KO,Disease,16;17;18,3,False,True,True,CT-Lo;FDG,Week 15/18F-FDG/m54502,True,,
m54503,15,FDG,5,KO,Disease,1;2;3;4,4,True,False,True,CT-Hi;FDG,Week 15/18F-FDG/m54503,True,,
m54504,15,FDG,5,KO,Disease,5;6;7;8,4,True,False,True,CT-Hi;FDG,Week 15/18F-FDG/m54504,True,,
m54505,15,FDG,5,KO,Disease,9;10;11;12,4,True,False,True,CT-Hi;FDG,Week 15/18F-FDG/m54505,True,,
m54506,15,FDG,5,KO,Disease,13;14;15,3,True,False,True,CT-Hi;FDG,Week 15/18F-FDG/m54506,True,,
m54507,15,FDG,5,KO,Disease,16;17;18,3,True,False,True,CT-Hi;FDG,Week 15/18F-FDG/m54507,True,,
m54515,15,FDG,3,WT,Control,1;2,2,False,True,True,CT-Lo;FDG,Week 15/18F-FDG/m54515,True,,
m54516,15,FDG,3,WT,Control,3;4;5;6,4,False,True,True,CT-Lo;FDG,Week 15/18F-FDG/m54516,True,,
m54517,15,FDG,3,WT,Control,7;8;9;10,4,False,True,True,CT-Lo;FDG,Week 15/18F-FDG/m54517,True,,
m54518,15,FDG,3,WT,Control,11;12;13;14,4,False,True,True,CT-Lo;FDG,Week 15/18F-FDG/m54518,True,,
m54519,15,FDG,3,WT,Control,15;16;17;18,4,False,True,True,CT-Lo;FDG,Week 15/18F-FDG/m54519,True,,
m54520,15,FDG,5,WT,Control,1;2,2,True,False,True,CT-Hi;FDG,Week 15/18F-FDG/m54520,True,,
m54521,15,FDG,5,WT,Control,3;4;5;6,4,True,False,True,CT-Hi;FDG,Week 15/18F-FDG/m54521,True,,
m54522,15,FDG,5,WT,Control,7;8;9;10,4,True,False,True,CT-Hi;FDG,Week 15/18F-FDG/m54522,True,,
m54523,15,FDG,5,WT,Control,11;12;13;14,4,True,False,True,CT-Hi;FDG,Week 15/18F-FDG/m54523,True,,
m54524,15,FDG,5,WT,Control,15;16;17;18,4,True,False,True,CT-Hi;FDG,Week 15/18F-FDG/m54524,True,,
m54632,18,NaF,1,WT,Control,1;2;3;4,4,False,True,True,CT-Lo;NaF,Week 18/18F-NaF/m54632,True,,
m54633,18,NaF,1,WT,Control,5;6;7,3,False,True,True,CT-Lo;NaF,Week 18/18F-NaF/m54633,True,,
m54634,18,NaF,1,WT,Control,8;9;10;11,4,False,True,True,CT-Lo;NaF,Week 18/18F-NaF/m54634,True,,
m54635,18,NaF,1,WT,Control,12;13;14;15,4,False,True,True,CT-Lo;NaF,Week 18/18F-NaF/m54635,True,,
m54636,18,NaF,3,WT,Control,1;2;3;4,4,True,False,True,CT-Hi;NaF,Week 18/18F-NaF/m54636,True,,
m54637,18,NaF,3,WT,Control,5;6;7,3,True,False,True,CT-Hi;NaF,Week 18/18F-NaF/m54637,True,,
m54638,18,NaF,3,WT,Control,8;9;10;11,4,False,False,True,NaF,Week 18/18F-NaF/m54638,True,,No CT detected; NaF PET only; investigate manually
m54639,18,NaF,3,WT,Control,12;13;14;15,4,True,False,True,CT-Hi;NaF,Week 18/18F-NaF/m54639,True,,
m54640,18,NaF,1,KO,Disease,1;2;3,3,False,True,True,CT-Lo;NaF,Week 18/18F-NaF/m54640,True,,
m54641,18,NaF,1,KO,Disease,4;5;6;7,4,False,True,True,CT-Lo;NaF,Week 18/18F-NaF/m54641,True,,
m54642,18,NaF,1,KO,Disease,8;9;10;11,4,False,True,True,CT-Lo;NaF,Week 18/18F-NaF/m54642,True,,
m54643,18,NaF,1,KO,Disease,12;13;14;15,4,False,True,True,CT-Lo;NaF,Week 18/18F-NaF/m54643,True,,
m54644,18,NaF,3,KO,Disease,2;3,2,False,False,True,NaF,Week 18/18F-NaF/m54644,True,,No CT detected; NaF PET only; KO mice 1 and 4 absent from all Wk18 3h scans
m54645,18,NaF,3,KO,Disease,5;6;7,3,False,False,True,NaF,Week 18/18F-NaF/m54645,True,,No CT detected; NaF PET only
m54646,18,NaF,3,KO,Disease,8;9;10;11,4,False,False,True,NaF,Week 18/18F-NaF/m54646,True,,No CT detected; NaF PET only
m54647,18,NaF,3,KO,Disease,12;13;14;15,4,True,False,True,CT-Hi;NaF,Week 18/18F-NaF/m54647,True,,
m54675,18,FDG,3,WT,Control,1;2;3;4,4,False,True,True,CT-Lo;FDG,Week 18/18F-FDG/m54675,True,,
m54676,18,FDG,3,WT,Control,5;6;7;8,4,False,True,True,CT-Lo;FDG,Week 18/18F-FDG/m54676,True,,
m54677,18,FDG,3,WT,Control,9;10;11;12,4,False,True,True,CT-Lo;FDG,Week 18/18F-FDG/m54677,True,,
m54678,18,FDG,3,WT,Control,13;14;15;16,4,False,True,True,CT-Lo;FDG,Week 18/18F-FDG/m54678,True,,
m54679,18,FDG,3,KO,Disease,1;2;3;4,4,False,True,True,CT-Lo;FDG,Week 18/18F-FDG/m54679,True,,
m54680,18,FDG,3,KO,Disease,5;6;7;8,4,False,True,True,CT-Lo;FDG,Week 18/18F-FDG/m54680,True,,
m54681,18,FDG,3,KO,Disease,9;10;11;12,4,False,True,True,CT-Lo;FDG,Week 18/18F-FDG/m54681,True,,
m54682,18,FDG,3,KO,Disease,13;14;15,3,False,True,True,CT-Lo;FDG,Week 18/18F-FDG/m54682,True,,
m54683,18,FDG,5,WT,Control,1;2;3;4,4,True,False,True,CT-Hi;FDG,Week 18/18F-FDG/m54683,True,,
m54684,18,FDG,5,WT,Control,5;6;7;8,4,True,False,True,CT-Hi;FDG,Week 18/18F-FDG/m54684,True,,
m54685,18,FDG,5,WT,Control,9;10;11;12,4,False,False,True,FDG,Week 18/18F-FDG/m54685,True,,No CT detected; FDG PET only; investigate manually
m54686,18,FDG,5,WT,Control,13;14;15;16,4,True,False,True,CT-Hi;FDG,Week 18/18F-FDG/m54686,True,,
m54687,18,FDG,5,KO,Disease,1;2;3;4,4,True,False,True,CT-Hi;FDG,Week 18/18F-FDG/m54687,True,,
m54688_1,18,FDG,5,KO,Disease,5;6;7;8,4,True,False,True,CT-Hi;FDG,Week 18/18F-FDG/m54688_1,True,,
m54689,18,FDG,5,KO,Disease,9;10;11;12,4,False,False,True,FDG,Week 18/18F-FDG/m54689,True,,No CT detected; FDG PET only; investigate manually
m54690,18,FDG,5,KO,Disease,13;14;15,3,True,False,True,CT-Hi;FDG,Week 18/18F-FDG/m54690,True,,
m54688,18,FDG,5,KO,Disease,5;6;7;8,4,False,False,True,FDG,Week 18/18F-FDG/m54688,False,m54688_1,Faulty original; only FDG PET detected (no CT); superseded by m54688_1
m54762,20,NaF,1,WT,Control,1;2;3;4,4,False,True,True,CT-Lo;NaF,Week 20/18F-NaF/m54762,True,,
m54763,20,NaF,1,WT,Control,5;6;7;8,4,False,True,True,CT-Lo;NaF,Week 20/18F-NaF/m54763,True,,
m54764,20,NaF,1,WT,Control,9;10;11;12,4,False,True,True,CT-Lo;NaF,Week 20/18F-NaF/m54764,True,,
m54765,20,NaF,3,WT,Control,1;2;3;4,4,True,False,True,CT-Hi;NaF,Week 20/18F-NaF/m54765,True,,
m54766,20,NaF,3,WT,Control,5;6;7;8,4,True,False,True,CT-Hi;NaF,Week 20/18F-NaF/m54766,True,,
m54767,20,NaF,3,WT,Control,9;10;11;12,4,True,False,True,CT-Hi;NaF,Week 20/18F-NaF/m54767,True,,
m54768,20,NaF,1,KO,Disease,1;2;3;4,4,False,True,True,CT-Lo;NaF,Week 20/18F-NaF/m54768,True,,
m54769,20,NaF,1,KO,Disease,5;6;7;8,4,False,True,True,CT-Lo;NaF,Week 20/18F-NaF/m54769,True,,
m54770,20,NaF,1,KO,Disease,9;10;11;12,4,False,True,True,CT-Lo;NaF,Week 20/18F-NaF/m54770,True,,
m54771,20,NaF,3,KO,Disease,1;2;3;4,4,True,False,True,CT-Hi;NaF,Week 20/18F-NaF/m54771,True,,
m54772,20,NaF,3,KO,Disease,5;6;7;8,4,True,False,True,CT-Hi;NaF,Week 20/18F-NaF/m54772,True,,
m54773,20,NaF,3,KO,Disease,9;10;11;12,4,True,False,True,CT-Hi;NaF,Week 20/18F-NaF/m54773,True,,
m54781,20,FDG,3,KO,Disease,1;2;3;4,4,False,True,True,CT-Lo;FDG,Week 20/18F-FDG/m54781,True,,
m54782,20,FDG,3,KO,Disease,5;6;7;8,4,False,True,True,CT-Lo;FDG,Week 20/18F-FDG/m54782,True,,
m54783_1,20,FDG,3,KO,Disease,9;10;11;12,4,False,True,True,CT-Lo;FDG,Week 20/18F-FDG/m54783_1,True,,Original m54783 absent from DICOM inventory; m54783_1 is the only scan for these mice
m54784_1,20,FDG,3,WT,Control,1;2;3;4,4,False,False,False,,Week 20/18F-FDG/m54784_1,True,,No modalities detected by file-size heuristic despite being corrected re-scan; investigate manually
m54785,20,FDG,3,WT,Control,5;6;7;8,4,False,True,True,CT-Lo;FDG,Week 20/18F-FDG/m54785,True,,
m54786,20,FDG,3,WT,Control,9;10;11;12,4,False,True,True,CT-Lo;FDG,Week 20/18F-FDG/m54786,True,,
m54787,20,FDG,5,KO,Disease,1;2;3;4,4,True,False,True,CT-Hi;FDG,Week 20/18F-FDG/m54787,True,,
m54788,20,FDG,5,KO,Disease,5;6;7;8,4,True,False,True,CT-Hi;FDG,Week 20/18F-FDG/m54788,True,,
m54789,20,FDG,5,KO,Disease,9;11;12,3,True,False,True,CT-Hi;FDG,Week 20/18F-FDG/m54789,True,,KO mouse 10 present at 3h (m54782) but absent at 5h
m54790,20,FDG,5,WT,Control,1;2;3;4,4,True,False,True,CT-Hi;FDG,Week 20/18F-FDG/m54790,True,,
m54791,20,FDG,5,WT,Control,5;6;7;8,4,True,False,True,CT-Hi;FDG,Week 20/18F-FDG/m54791,True,,
m54792,20,FDG,5,WT,Control,9;10;11;12,4,True,False,True,CT-Hi;FDG,Week 20/18F-FDG/m54792,True,,
m54784,20,FDG,3,WT,Control,1;2;3;4,4,False,True,True,CT-Lo;FDG,Week 20/18F-FDG/m54784,False,m54784_1,Faulty original; superseded by m54784_1
